{
    "name": "root",
    "gauges": {
        "AnimalAI.mean_reward": {
            "value": -1.3384999940171838,
            "min": -4.379999937489629,
            "max": -1.1676668897271156,
            "count": 3
        },
        "hotzone_ppo4_AnimalAI.Policy/Entropy.mean": {
            "value": 0.4596582055091858,
            "min": 0.43404269218444824,
            "max": 0.5597547292709351,
            "count": 8
        },
        "hotzone_ppo4_AnimalAI.Policy/Extrinsic Value Estimate.mean": {
            "value": 1.7464625835418701,
            "min": 0.5792247653007507,
            "max": 1.7464625835418701,
            "count": 8
        },
        "hotzone_ppo4_AnimalAI.Policy/Curiosity Value Estimate.mean": {
            "value": 0.14323630928993225,
            "min": 0.14323630928993225,
            "max": 0.21315720677375793,
            "count": 8
        },
        "hotzone_ppo4_AnimalAI.Environment/Cumulative Reward.mean": {
            "value": -1.3384999940171838,
            "min": -4.379999937489629,
            "max": -1.1676668897271156,
            "count": 8
        },
        "hotzone_ppo4_AnimalAI.Environment/Episode Length.mean": {
            "value": 98.5,
            "min": 98.5,
            "max": 248.0,
            "count": 8
        },
        "hotzone_ppo4_AnimalAI.Policy/Extrinsic Reward.mean": {
            "value": -2.256166398525238,
            "min": -3.1733337938785553,
            "max": -1.1676666736602783,
            "count": 8
        },
        "hotzone_ppo4_AnimalAI.Policy/Curiosity Reward.mean": {
            "value": 0.0,
            "min": 0.0,
            "max": 0.0,
            "count": 8
        }
    },
    "total": 229.4766754,
    "count": 1,
    "self": 47.44178020000004,
    "children": {
        "run_training.setup": {
            "total": 14.036200100000013,
            "count": 6,
            "self": 14.036200100000013
        },
        "TrainerController.start_learning": {
            "total": 167.99869509999996,
            "count": 6,
            "self": 17.86175959999997,
            "children": {
                "TrainerControllerAAI._reset_env": {
                    "total": 23.966741399999975,
                    "count": 6,
                    "self": 23.966741399999975
                },
                "TrainerController.advance": {
                    "total": 126.1701941,
                    "count": 1962,
                    "self": 0.028211200000157532,
                    "children": {
                        "env_step": {
                            "total": 121.97676869999972,
                            "count": 1962,
                            "self": 118.4263251000005,
                            "children": {
                                "SubprocessEnvManager._take_step": {
                                    "total": 3.510396199999885,
                                    "count": 1962,
                                    "self": 0.07983219999955438,
                                    "children": {
                                        "NNPolicy.evaluate": {
                                            "total": 3.430564000000331,
                                            "count": 1962,
                                            "self": 3.430564000000331
                                        }
                                    }
                                },
                                "workers": {
                                    "total": 0.04004739999933804,
                                    "count": 1956,
                                    "self": 0.0,
                                    "children": {
                                        "worker_root": {
                                            "total": 167.61007579999966,
                                            "count": 1956,
                                            "is_parallel": true,
                                            "self": 51.9139640999997,
                                            "children": {
                                                "batched_step_result_from_proto": {
                                                    "total": 0.09250500000000006,
                                                    "count": 12,
                                                    "is_parallel": true,
                                                    "self": 0.0028607999999987754,
                                                    "children": {
                                                        "_process_visual_observation": {
                                                            "total": 0.08826260000000108,
                                                            "count": 12,
                                                            "is_parallel": true,
                                                            "self": 0.0003509999999984359,
                                                            "children": {
                                                                "observation_to_np_array": {
                                                                    "total": 0.08791160000000264,
                                                                    "count": 12,
                                                                    "is_parallel": true,
                                                                    "self": 0.00035740000000128447,
                                                                    "children": {
                                                                        "process_pixels": {
                                                                            "total": 0.08755420000000136,
                                                                            "count": 12,
                                                                            "is_parallel": true,
                                                                            "self": 0.001915700000001408,
                                                                            "children": {
                                                                                "image_decompress": {
                                                                                    "total": 0.08563849999999995,
                                                                                    "count": 12,
                                                                                    "is_parallel": true,
                                                                                    "self": 0.08563849999999995
                                                                                }
                                                                            }
                                                                        }
                                                                    }
                                                                }
                                                            }
                                                        },
                                                        "_process_vector_observation": {
                                                            "total": 0.0013816000000002049,
                                                            "count": 12,
                                                            "is_parallel": true,
                                                            "self": 0.0013816000000002049
                                                        }
                                                    }
                                                },