{
    "name": "root",
    "gauges": {
        "AnimalAI.mean_reward": {
            "value": -1.3384999940171838,
            "min": -4.379999937489629,
            "max": -1.1676668897271156,
            "count": 3
        },
        "hotzone_ppo4_AnimalAI.Policy/Entropy.mean": {
            "value": 0.4596582055091858,
            "min": 0.43404269218444824,
            "max": 0.5597547292709351,
            "count": 8
        },
        "hotzone_ppo4_AnimalAI.Policy/Extrinsic Value Estimate.mean": {
            "value": 1.7464625835418701,
            "min": 0.5792247653007507,
            "max": 1.7464625835418701,
            "count": 8
        },
        "hotzone_ppo4_AnimalAI.Policy/Curiosity Value Estimate.mean": {
            "value": 0.14323630928993225,
            "min": 0.14323630928993225,
            "max": 0.21315720677375793,
            "count": 8
        },
        "hotzone_ppo4_AnimalAI.Environment/Cumulative Reward.mean": {
            "value": -1.3384999940171838,
            "min": -4.379999937489629,
            "max": -1.1676668897271156,
            "count": 8
        },
        "hotzone_ppo4_AnimalAI.Environment/Episode Length.mean": {
            "value": 98.5,
            "min": 98.5,
            "max": 248.0,
            "count": 8
        },
        "hotzone_ppo4_AnimalAI.Policy/Extrinsic Reward.mean": {
            "value": -2.256166398525238,
            "min": -3.1733337938785553,
            "max": -1.1676666736602783,
            "count": 8
        },
        "hotzone_ppo4_AnimalAI.Policy/Curiosity Reward.mean": {
            "value": 0.0,
            "min": 0.0,
            "max": 0.0,
            "count": 8
        }
    },
    "total": 200.9543833,
    "count": 1,
    "self": 40.72476550000002,
    "children": {
        "run_training.setup": {
            "total": 11.793666100000006,
            "count": 5,
            "self": 11.793666100000006
        },
        "TrainerController.start_learning": {
            "total": 148.43595169999998,
            "count": 5,
            "self": 15.027989500000047,
            "children": {
                "TrainerControllerAAI._reset_env": {
                    "total": 20.634996199999975,
                    "count": 5,
                    "self": 20.634996199999975
                },
                "TrainerController.advance": {
                    "total": 112.77296599999994,
                    "count": 1704,
                    "self": 0.02451849999999922,
                    "children": {
                        "env_step": {
                            "total": 108.84633349999982,
                            "count": 1704,
                            "self": 105.77102290000022,
                            "children": {
                                "SubprocessEnvManager._take_step": {
                                    "total": 3.0405896000000006,
                                    "count": 1704,
                                    "self": 0.06946529999963147,
                                    "children": {
                                        "NNPolicy.evaluate": {
                                            "total": 2.971124300000369,
                                            "count": 1704,
                                            "self": 2.971124300000369
                                        }
                                    }
                                },
                                "workers": {
                                    "total": 0.03472099999959255,
                                    "count": 1699,
                                    "self": 0.0,
                                    "children": {
                                        "worker_root": {
                                            "total": 148.16657579999972,
                                            "count": 1699,
                                            "is_parallel": true,
                                            "self": 44.69159689999978,
                                            "children": {
                                                "batched_step_result_from_proto": {
                                                    "total": 0.07954270000000019,
                                                    "count": 10,
                                                    "is_parallel": true,
                                                    "self": 0.002396599999999083,
                                                    "children": {
                                                        "_process_visual_observation": {
                                                            "total": 0.0759842000000015,
                                                            "count": 10,
                                                            "is_parallel": true,
                                                            "self": 0.0002959999999987417,
                                                            "children": {
                                                                "observation_to_np_array": {
                                                                    "total": 0.07568820000000276,
                                                                    "count": 10,
                                                                    "is_parallel": true,
                                                                    "self": 0.00029870000000187247,
                                                                    "children": {
                                                                        "process_pixels": {
                                                                            "total": 0.07538950000000089,
                                                                            "count": 10,
                                                                            "is_parallel": true,
                                                                            "self": 0.0016150000000010323,
                                                                            "children": {
                                                                                "image_decompress": {
                                                                                    "total": 0.07377449999999985,
                                                                                    "count": 10,
                                                                                    "is_parallel": true,
                                                                                    "self": 0.07377449999999985
                                                                                }
                                                                            }
                                                                        }
                                                                    }
                                                                }
                                                            }
                                                        },
                                                        "_process_vector_observation": {
                                                            "total": 0.001161899999999605,
                                                            "count": 10,
                                                            "is_parallel": true,
                                                            "self": 0.001161899999999605
                                                        }
                                                    }
                                                },