{
    "name": "root",
    "gauges": {
        "AnimalAI.mean_reward": {
            "value": -0.9995332644786685,
            "min": -2.6938306403767673,
            "max": 2.5665190572850407,
            "count": 185
        },
        "hotzone_ppo4_AnimalAI.Policy/Entropy.mean": {
            "value": 0.44684725999832153,
            "min": 0.3477133512496948,
            "max": 0.44684725999832153,
            "count": 17
        },
        "hotzone_ppo4_AnimalAI.Environment/Cumulative Reward.mean": {
            "value": -0.7799486816108513,
            "min": -0.7799486816108513,
            "max": 0.6670000301674008,
            "count": 17
        },
        "hotzone_ppo4_AnimalAI.Environment/Episode Length.mean": {
            "value": 72.92307692307692,
            "min": 42.4,
            "max": 82.33333333333333,
            "count": 17
        },
        "hotzone_ppo4_AnimalAI.Policy/Extrinsic Value Estimate.mean": {
            "value": 0.7798192501068115,
            "min": 0.20802390575408936,
            "max": 1.1616367101669312,
            "count": 17
        },
        "hotzone_ppo4_AnimalAI.Policy/Curiosity Value Estimate.mean": {
            "value": 0.12371917068958282,
            "min": 0.10845725238323212,
            "max": 0.13656795024871826,
            "count": 17
        },
        "hotzone_ppo4_AnimalAI.Policy/Extrinsic Reward.mean": {
            "value": -0.764026643037796,
            "min": -0.764026643037796,
            "max": 0.7283333241939545,
            "count": 17
        },
        "hotzone_ppo4_AnimalAI.Policy/Curiosity Reward.mean": {
            "value": 0.0,
            "min": 0.0,
            "max": 0.0,
            "count": 17
        },
        "hotzone_ppo5_AnimalAI.Policy/Entropy.mean": {
            "value": 0.48991236090660095,
            "min": 0.3495963513851166,
            "max": 2.1501450538635254,
            "count": 2366
        },
        "hotzone_ppo5_AnimalAI.Environment/Lesson.mean": {
            "value": 8.0,
            "min": 0.0,
            "max": 8.0,
            "count": 2366
        },
        "hotzone_ppo5_AnimalAI.Environment/Cumulative Reward.mean": {
            "value": -0.9995332644786685,
            "min": -2.6938306403767673,
            "max": 2.5665190572850407,
            "count": 2366
        },
        "hotzone_ppo5_AnimalAI.Environment/Episode Length.mean": {
            "value": 496.0,
            "min": 48.084070796460175,
            "max": 496.0,
            "count": 2366
        },
        "hotzone_ppo5_AnimalAI.Policy/Extrinsic Value Estimate.mean": {
            "value": -0.19938910007476807,
            "min": -0.5393546223640442,
            "max": 1.8531161546707153,
            "count": 2366
        },
        "hotzone_ppo5_AnimalAI.Policy/Curiosity Value Estimate.mean": {
            "value": 0.09691397100687027,
            "min": -0.20289289951324463,
            "max": 0.5750512480735779,
            "count": 2366
        },
        "hotzone_ppo5_AnimalAI.Policy/Extrinsic Reward.mean": {
            "value": -0.9995334029197693,
            "min": -2.6781925447285175,
            "max": 2.6282513102759486,
            "count": 2366
        },
        "hotzone_ppo5_AnimalAI.Policy/Curiosity Reward.mean": {
            "value": 0.4254307232797146,
            "min": 0.007952137705527962,
            "max": 1.964612230984494,
            "count": 2366
        },
        "hotzone_ppo5_AnimalAI.Losses/Value Loss.mean": {
            "value": 3.8837915781186894e-05,
            "min": 3.377582106622867e-05,
            "max": 0.07528292387723923,
            "count": 2366
        },
        "hotzone_ppo5_AnimalAI.Losses/Policy Loss.mean": {
            "value": 0.1032082661986351,
            "min": 0.09334378689527512,
            "max": 0.1891901046037674,
            "count": 2366
        },
        "hotzone_ppo5_AnimalAI.Policy/Learning Rate.mean": {
            "value": 0.0002547785989008844,
            "min": 0.0002547785989008844,
            "max": 0.0003995824954472482,
            "count": 2366
        },
        "hotzone_ppo5_AnimalAI.Losses/Curiosity Forward Loss.mean": {
            "value": 0.07905834168195724,
            "min": 0.013675056397914886,
            "max": 1.1943004131317139,
            "count": 2366
        },
        "hotzone_ppo5_AnimalAI.Losses/Curiosity Inverse Loss.mean": {
            "value": 0.051147233694791794,
            "min": 0.0050010355189442635,
            "max": 1.0682791471481323,
            "count": 2366
        }
    },
    "total": 14558.9067305,
    "count": 1,
    "self": 637.9032140999971,
    "children": {
        "run_training.setup": {
            "total": 69.89454900000065,
            "count": 26,
            "self": 69.89454900000065
        },
        "TrainerController.start_learning": {
            "total": 13851.108967400003,
            "count": 26,
            "self": 850.8732225998592,
            "children": {
                "TrainerControllerAAI._reset_env": {
                    "total": 90.12264859999826,
                    "count": 34,
                    "self": 90.12264859999826
                },
                "TrainerController.advance": {
                    "total": 12903.590440000145,
                    "count": 142847,
                    "self": 5.301628200420964,
                    "children": {
                        "env_step": {
                            "total": 2222.3758657996746,
                            "count": 142847,
                            "self": 1512.9346136992801,
                            "children": {
                                "SubprocessEnvManager._take_step": {
                                    "total": 703.4268503001937,
                                    "count": 246536,
                                    "self": 14.8162840997594,
                                    "children": {
                                        "NNPolicy.evaluate": {
                                            "total": 688.6105662004343,
                                            "count": 246536,
                                            "self": 688.6105662004343
                                        }
                                    }
                                },
                                "workers": {
                                    "total": 6.014401800200737,
                                    "count": 142822,
                                    "self": 0.0,
                                    "children": {
                                        "worker_root": {
                                            "total": 52847.69819950014,
                                            "count": 246495,
                                            "is_parallel": true,
                                            "self": 45729.034895000266,
                                            "children": {
                                                "batched_step_result_from_proto": {
                                                    "total": 0.56482639999723,
                                                    "count": 90,
                                                    "is_parallel": true,
                                                    "self": 0.022219099997352387,
                                                    "children": {
                                                        "_process_visual_observation": {
                                                            "total": 0.5302599000019113,
                                                            "count": 90,
                                                            "is_parallel": true,