{
    "name": "root",
    "total": 53.58056260000012,
    "count": 1,
    "self": 11.039770600000338,
    "children": {
        "run_training.setup": {
            "total": 4.285858199999893,
            "count": 2,
            "self": 4.285858199999893
        },
        "TrainerController.start_learning": {
            "total": 38.25493379999989,
            "count": 2,
            "self": 5.2360428999982105,
            "children": {
                "TrainerControllerAAI._reset_env": {
                    "total": 10.999833599999874,
                    "count": 2,
                    "self": 10.999833599999874
                },
                "TrainerController.advance": {
                    "total": 22.019057300001805,
                    "count": 249,
                    "self": 0.0035829000014473422,
                    "children": {
                        "env_step": {
                            "total": 21.78997500000196,
                            "count": 249,
                            "self": 21.22149010000112,
                            "children": {
                                "SubprocessEnvManager._take_step": {
                                    "total": 0.5635334000000967,
                                    "count": 249,
                                    "self": 0.009978900003034141,
                                    "children": {
                                        "NNPolicy.evaluate": {
                                            "total": 0.5535544999970625,
                                            "count": 249,
                                            "self": 0.5535544999970625
                                        }
                                    }
                                },
                                "workers": {
                                    "total": 0.004951500000743181,
                                    "count": 247,
                                    "self": 0.0,
                                    "children": {
                                        "worker_root": {
                                            "total": 38.1641731,
                                            "count": 247,
                                            "is_parallel": true,
                                            "self": 17.382760199999982,
                                            "children": {
                                                "batched_step_result_from_proto": {
                                                    "total": 0.02401839999999833,
                                                    "count": 4,
                                                    "is_parallel": true,
                                                    "self": 0.0010068999999983674,
                                                    "children": {
                                                        "_process_visual_observation": {
                                                            "total": 0.02246380000000059,
                                                            "count": 4,
                                                            "is_parallel": true,
                                                            "self": 0.00011230000000139739,
                                                            "children": {
                                                                "observation_to_np_array": {
                                                                    "total": 0.02235149999999919,
                                                                    "count": 4,
                                                                    "is_parallel": true,
                                                                    "self": 0.00010680000000018453,
                                                                    "children": {
                                                                        "process_pixels": {
                                                                            "total": 0.022244699999999007,
                                                                            "count": 4,
                                                                            "is_parallel": true,
                                                                            "self": 0.0008743999999971663,
                                                                            "children": {
                                                                                "image_decompress": {
                                                                                    "total": 0.02137030000000184,
                                                                                    "count": 4,
                                                                                    "is_parallel": true,
                                                                                    "self": 0.02137030000000184
                                                                                }
                                                                            }
                                                                        }
                                                                    }
                                                                }
                                                            }
                                                        },
                                                        "_process_vector_observation": {
                                                            "total": 0.0005476999999993737,
                                                            "count": 4,
                                                            "is_parallel": true,
                                                            "self": 0.0005476999999993737
                                                        }
                                                    }
                                                },
                                                "UnityEnvironment.step": {
                                                    "total": 20.757394500000018,
                                                    "count": 247,
                                                    "is_parallel": true,
                                                    "self": 0.023959700000009576,
                                                    "children": {
                                                        "UnityEnvironment._generate_step_input": {
                                                            "total": 0.01912579999999764,
                                                            "count": 247,
                                                            "is_parallel": true,
                                                            "self": 0.01912579999999764
                                                        },
                                                        "communicator.exchange": {
                                                            "total": 20.494827200000028,
                                                            "count": 247,
                                                            "is_parallel": true,
                                                            "self": 20.494827200000028
                                                        },
                                                        "batched_step_result_from_proto": {
                                                            "total": 0.21948179999998274,
                                                            "count": 247,
                                                            "is_parallel": true,