{
    "name": "root",
    "gauges": {
        "AnimalAI.mean_reward": {
            "value": 0.8567571750143543,
            "min": -1.8172599478205667,
            "max": 2.8891302929902127,
            "count": 121
        },
        "hotzone_ppo_AnimalAI.Policy/Entropy.mean": {
            "value": 0.3399454951286316,
            "min": 0.3194385766983032,
            "max": 2.155454158782959,
            "count": 484
        },
        "hotzone_ppo_AnimalAI.Environment/Lesson.mean": {
            "value": 9.0,
            "min": 0.0,
            "max": 9.0,
            "count": 484
        },
        "hotzone_ppo_AnimalAI.Environment/Cumulative Reward.mean": {
            "value": 0.8567571750143543,
            "min": -1.8172599478205667,
            "max": 2.8891302929902127,
            "count": 484
        },
        "hotzone_ppo_AnimalAI.Environment/Episode Length.mean": {
            "value": 70.33571428571429,
            "min": 44.294117647058826,
            "max": 254.38636363636363,
            "count": 484
        },
        "hotzone_ppo_AnimalAI.Policy/Extrinsic Value Estimate.mean": {
            "value": 0.659624457359314,
            "min": -0.2508741319179535,
            "max": 2.2161965370178223,
            "count": 484
        },
        "hotzone_ppo_AnimalAI.Policy/Curiosity Value Estimate.mean": {
            "value": 0.1477772444486618,
            "min": -0.18324331939220428,
            "max": 0.6095389723777771,
            "count": 484
        },
        "hotzone_ppo_AnimalAI.Policy/Extrinsic Reward.mean": {
            "value": 0.8567571286644254,
            "min": -1.8255422687998004,
            "max": 2.88694645413037,
            "count": 484
        },
        "hotzone_ppo_AnimalAI.Policy/Curiosity Reward.mean": {
            "value": 0.0028012217529716768,
            "min": 0.0028012217529716768,
            "max": 1.1837140284478664,
            "count": 484
        },
        "hotzone_ppo_AnimalAI.Losses/Value Loss.mean": {
            "value": 2.381696322117932e-05,
            "min": 2.381696322117932e-05,
            "max": 0.0871167778968811,
            "count": 484
        },
        "hotzone_ppo_AnimalAI.Losses/Policy Loss.mean": {
            "value": 0.0949302539229393,
            "min": 0.09280386567115784,
            "max": 0.11070267856121063,
            "count": 484
        },
        "hotzone_ppo_AnimalAI.Policy/Learning Rate.mean": {
            "value": 0.00024835861404426396,
            "min": 0.00024835861404426396,
            "max": 0.0002997705596499145,
            "count": 484
        },
        "hotzone_ppo_AnimalAI.Losses/Curiosity Forward Loss.mean": {
            "value": 0.0038750770036131144,
            "min": 0.0038750770036131144,
            "max": 1.3549731969833374,
            "count": 484
        },
        "hotzone_ppo_AnimalAI.Losses/Curiosity Inverse Loss.mean": {
            "value": 0.00026083580451086164,
            "min": 0.00026083580451086164,
            "max": 1.059520959854126,
            "count": 484
        }
    },
    "total": 8736.3441131,
    "count": 1,
    "self": 382.7347864000021,
    "children": {
        "run_training.setup": {
            "total": 46.51003890000319,
            "count": 16,
            "self": 46.51003890000319
        },
        "TrainerController.start_learning": {
            "total": 8307.099287799994,
            "count": 16,
            "self": 580.1888618000248,
            "children": {
                "TrainerControllerAAI._reset_env": {
                    "total": 56.242157299996926,
                    "count": 25,
                    "self": 56.242157299996926
                },
                "TrainerController.advance": {
                    "total": 7665.706055699972,
                    "count": 95615,
                    "self": 3.701796399972409,
                    "children": {
                        "env_step": {
                            "total": 1371.7162180000255,
                            "count": 95615,
                            "self": 905.669481700221,
                            "children": {
                                "SubprocessEnvManager._take_step": {
                                    "total": 462.06240100001673,
                                    "count": 164880,
                                    "self": 9.813370400111296,
                                    "children": {
                                        "NNPolicy.evaluate": {
                                            "total": 452.24903059990544,
                                            "count": 164880,
                                            "self": 452.24903059990544
                                        }
                                    }
                                },
                                "workers": {
                                    "total": 3.984335299787702,
                                    "count": 95601,
                                    "self": 0.0,
                                    "children": {
                                        "worker_root": {
                                            "total": 31841.753176099814,
                                            "count": 164852,
                                            "is_parallel": true,
                                            "self": 27162.954208699815,
                                            "children": {
                                                "batched_step_result_from_proto": {
                                                    "total": 0.44420419999985317,
                                                    "count": 72,
                                                    "is_parallel": true,
                                                    "self": 0.018474899999585404,
                                                    "children": {
                                                        "_process_visual_observation": {
                                                            "total": 0.41512060000096085,
                                                            "count": 72,
                                                            "is_parallel": true,
                                                            "self": 0.012457900000203637,
                                                            "children": {
                                                                "observation_to_np_array": {
                                                                    "total": 0.4026627000007572,
                                                                    "count": 380,
                                                                    "is_parallel": true,
                                                                    "self": 0.009129600005596039,
                                                                    "children": {
                                                                        "process_pixels": {
                                                                            "total": 0.3935330999951612,
                                                                            "count": 380,
                                                                            "is_parallel": true,
                                                                            "self": 0.03311229998895726,
                                                                            "children": {
                                                                                "image_decompress": {
                                                                                    "total": 0.3604208000062039,