{
    "name": "root",
    "gauges": {
        "AnimalAI.mean_reward": {
            "value": -1.0053332645968511,
            "min": -2.000871734639916,
            "max": 2.517802104805014,
            "count": 500
        },
        "hotzone_ppo5_AnimalAI.Policy/Entropy.mean": {
            "value": 0.3144672214984894,
            "min": 0.2985444962978363,
            "max": 2.1511802673339844,
            "count": 500
        },
        "hotzone_ppo5_AnimalAI.Environment/Lesson.mean": {
            "value": 7.0,
            "min": 0.0,
            "max": 7.0,
            "count": 500
        },
        "hotzone_ppo5_AnimalAI.Environment/Cumulative Reward.mean": {
            "value": -1.0053332645968511,
            "min": -2.000871734639916,
            "max": 2.517802104805014,
            "count": 500
        },
        "hotzone_ppo5_AnimalAI.Environment/Episode Length.mean": {
            "value": 248.0,
            "min": 49.25748502994012,
            "max": 496.0,
            "count": 500
        },
        "hotzone_ppo5_AnimalAI.Policy/Extrinsic Value Estimate.mean": {
            "value": -0.4002748131752014,
            "min": -0.44952115416526794,
            "max": 1.7547948360443115,
            "count": 500
        },
        "hotzone_ppo5_AnimalAI.Policy/Curiosity Value Estimate.mean": {
            "value": 0.03687720745801926,
            "min": -0.16676491498947144,
            "max": 0.47944724559783936,
            "count": 500
        },
        "hotzone_ppo5_AnimalAI.Policy/Extrinsic Reward.mean": {
            "value": -1.0054667457938193,
            "min": -2.000871533766771,
            "max": 2.5064541242759804,
            "count": 500
        },
        "hotzone_ppo5_AnimalAI.Policy/Curiosity Reward.mean": {
            "value": 0.08635891475714744,
            "min": 0.03626539314519876,
            "max": 1.2955306222712673,
            "count": 500
        },
        "hotzone_ppo5_AnimalAI.Losses/Value Loss.mean": {
            "value": 2.7521386073203757e-05,
            "min": 1.159303337772144e-06,
            "max": 0.0694735199213028,
            "count": 500
        },
        "hotzone_ppo5_AnimalAI.Losses/Policy Loss.mean": {
            "value": 0.09853210300207138,
            "min": 0.08922244608402252,
            "max": 0.12528309226036072,
            "count": 500
        },
        "hotzone_ppo5_AnimalAI.Policy/Learning Rate.mean": {
            "value": 4.3205713495808595e-07,
            "min": 4.3205713495808595e-07,
            "max": 0.00039956337423063815,
            "count": 500
        },
        "hotzone_ppo5_AnimalAI.Losses/Curiosity Forward Loss.mean": {
            "value": 0.03482970595359802,
            "min": 0.03482970595359802,
            "max": 1.2321220636367798,
            "count": 500
        },
        "hotzone_ppo5_AnimalAI.Losses/Curiosity Inverse Loss.mean": {
            "value": 0.012516182847321033,
            "min": 0.012516182847321033,
            "max": 1.0544402599334717,
            "count": 500
        }
    },
    "total": 27916.1326625,
    "count": 1,
    "self": 234.15122330000304,
    "children": {
        "run_training.setup": {
            "total": 5.8624729,
            "count": 1,
            "self": 5.8624729
        },
        "TrainerController.start_learning": {
            "total": 27676.118966299997,
            "count": 1,
            "self": 1155.5920252992219,
            "children": {
                "TrainerControllerAAI._reset_env": {
                    "total": 3.3257735999999056,
                    "count": 8,
                    "self": 3.3257735999999056
                },
                "TrainerController.advance": {
                    "total": 26512.067984500773,
                    "count": 347702,
                    "self": 8.228559400118684,
                    "children": {
                        "env_step": {
                            "total": 3039.080034301498,
                            "count": 347702,
                            "self": 1596.9228111007287,
                            "children": {
                                "SubprocessEnvManager._take_step": {
                                    "total": 1432.1752875998463,
                                    "count": 638022,
                                    "self": 23.99036749825791,
                                    "children": {
                                        "NNPolicy.evaluate": {
                                            "total": 1408.1849201015884,
                                            "count": 638022,
                                            "self": 1408.1849201015884
                                        }
                                    }
                                },
                                "workers": {
                                    "total": 9.981935600922952,
                                    "count": 347702,
                                    "self": 0.0,
                                    "children": {
                                        "worker_root": {
                                            "total": 110690.21175860349,
                                            "count": 638010,
                                            "is_parallel": true,
                                            "self": 99843.01259430326,
                                            "children": {
                                                "batched_step_result_from_proto": {
                                                    "total": 0.15238999999822767,
                                                    "count": 36,
                                                    "is_parallel": true,
                                                    "self": 0.009060899997646032,
                                                    "children": {
                                                        "_process_visual_observation": {
                                                            "total": 0.1356276000004506,
                                                            "count": 36,
                                                            "is_parallel": true,
                                                            "self": 0.006682199999097804,
                                                            "children": {
                                                                "observation_to_np_array": {
                                                                    "total": 0.1289454000013528,
                                                                    "count": 288,
                                                                    "is_parallel": true,
                                                                    "self": 0.003448700007300687,
                                                                    "children": {
                                                                        "process_pixels": {
                                                                            "total": 0.1254966999940521,
                                                                            "count": 288,
                                                                            "is_parallel": true,
                                                                            "self": 0.017373999993749223,
                                                                            "children": {
                                                                                "image_decompress": {
                                                                                    "total": 0.10812270000030288,