{
    "name": "root",
    "gauges": {
        "AnimalAI.mean_reward": {
            "value": 0.8567571750143543,
            "min": -1.8172599478205667,
            "max": 2.8891302929902127,
            "count": 121
        },
        "hotzone_ppo_AnimalAI.Policy/Entropy.mean": {
            "value": 0.3399454951286316,
            "min": 0.3194385766983032,
            "max": 2.155454158782959,
            "count": 484
        },
        "hotzone_ppo_AnimalAI.Environment/Lesson.mean": {
            "value": 9.0,
            "min": 0.0,
            "max": 9.0,
            "count": 484
        },
        "hotzone_ppo_AnimalAI.Environment/Cumulative Reward.mean": {
            "value": 0.8567571750143543,
            "min": -1.8172599478205667,
            "max": 2.8891302929902127,
            "count": 484
        },
        "hotzone_ppo_AnimalAI.Environment/Episode Length.mean": {
            "value": 70.33571428571429,
            "min": 44.294117647058826,
            "max": 254.38636363636363,
            "count": 484
        },
        "hotzone_ppo_AnimalAI.Policy/Extrinsic Value Estimate.mean": {
            "value": 0.659624457359314,
            "min": -0.2508741319179535,
            "max": 2.2161965370178223,
            "count": 484
        },
        "hotzone_ppo_AnimalAI.Policy/Curiosity Value Estimate.mean": {
            "value": 0.1477772444486618,
            "min": -0.18324331939220428,
            "max": 0.6095389723777771,
            "count": 484
        },
        "hotzone_ppo_AnimalAI.Policy/Extrinsic Reward.mean": {
            "value": 0.8567571286644254,
            "min": -1.8255422687998004,
            "max": 2.88694645413037,
            "count": 484
        },
        "hotzone_ppo_AnimalAI.Policy/Curiosity Reward.mean": {
            "value": 0.0028012217529716768,
            "min": 0.0028012217529716768,
            "max": 1.1837140284478664,
            "count": 484
        },
        "hotzone_ppo_AnimalAI.Losses/Value Loss.mean": {
            "value": 2.381696322117932e-05,
            "min": 2.381696322117932e-05,
            "max": 0.0871167778968811,
            "count": 484
        },
        "hotzone_ppo_AnimalAI.Losses/Policy Loss.mean": {
            "value": 0.0949302539229393,
            "min": 0.09280386567115784,
            "max": 0.11070267856121063,
            "count": 484
        },
        "hotzone_ppo_AnimalAI.Policy/Learning Rate.mean": {
            "value": 0.00024835861404426396,
            "min": 0.00024835861404426396,
            "max": 0.0002997705596499145,
            "count": 484
        },
        "hotzone_ppo_AnimalAI.Losses/Curiosity Forward Loss.mean": {
            "value": 0.0038750770036131144,
            "min": 0.0038750770036131144,
            "max": 1.3549731969833374,
            "count": 484
        },
        "hotzone_ppo_AnimalAI.Losses/Curiosity Inverse Loss.mean": {
            "value": 0.00026083580451086164,
            "min": 0.00026083580451086164,
            "max": 1.059520959854126,
            "count": 484
        }
    },
    "total": 8826.333153000001,
    "count": 1,
    "self": 421.97874030000094,
    "children": {
        "run_training.setup": {
            "total": 51.538404600005,
            "count": 18,
            "self": 51.538404600005
        },
        "TrainerController.start_learning": {
            "total": 8352.816008099995,
            "count": 18,
            "self": 585.2299292000207,
            "children": {
                "TrainerControllerAAI._reset_env": {
                    "total": 63.04282329999611,
                    "count": 27,
                    "self": 63.04282329999611
                },
                "TrainerController.advance": {
                    "total": 7699.581042599978,
                    "count": 95986,
                    "self": 3.707333000019389,
                    "children": {
                        "env_step": {
                            "total": 1405.3742004000073,
                            "count": 95986,
                            "self": 938.6125127001908,
                            "children": {
                                "SubprocessEnvManager._take_step": {
                                    "total": 462.7692806000025,
                                    "count": 165251,
                                    "self": 9.828024100122263,
                                    "children": {
                                        "NNPolicy.evaluate": {
                                            "total": 452.94125649988024,
                                            "count": 165251,
                                            "self": 452.94125649988024
                                        }
                                    }
                                },
                                "workers": {
                                    "total": 3.9924070998140024,
                                    "count": 95970,
                                    "self": 0.0,
                                    "children": {
                                        "worker_root": {
                                            "total": 31887.385922599784,
                                            "count": 165221,
                                            "is_parallel": true,
                                            "self": 27176.226580299783,
                                            "children": {
                                                "batched_step_result_from_proto": {
                                                    "total": 0.46911289999985417,
                                                    "count": 76,
                                                    "is_parallel": true,
                                                    "self": 0.0193210999995852,
                                                    "children": {
                                                        "_process_visual_observation": {
                                                            "total": 0.4387858000009608,
                                                            "count": 76,
                                                            "is_parallel": true,
                                                            "self": 0.012561500000204617,
                                                            "children": {
                                                                "observation_to_np_array": {
                                                                    "total": 0.4262243000007562,
                                                                    "count": 384,
                                                                    "is_parallel": true,
                                                                    "self": 0.009241200005595473,
                                                                    "children": {
                                                                        "process_pixels": {
                                                                            "total": 0.4169830999951607,
                                                                            "count": 384,
                                                                            "is_parallel": true,
                                                                            "self": 0.033703699988956615,
                                                                            "children": {
                                                                                "image_decompress": {
                                                                                    "total": 0.3832794000062041,