{"count":1,"gauges":{},"self":9.5515904,"total":15.149406599999999,"children":{"AgentSendState":{"count":735,"self":0.0090362999999999988,"total":5.5921666,"children":{"CollectObservations":{"count":245,"self":0.0020073,"total":0.0020073,"children":null},"CollectDiscreteActionMasks":{"count":245,"self":0,"total":0,"children":null},"CameraSensor.GetCompressedObservation":{"count":245,"self":5.5811231999999995,"total":5.581123,"children":null}}},"DecideAction":{"count":735,"self":0.0018031,"total":0.0018031,"children":null},"AgentAct":{"count":735,"self":0.0028453999999999997,"total":0.0028453999999999997,"children":null}}}