{"count":1,"gauges":{"AnimalAI.CumulativeReward":{"count":3,"max":2.8403337,"min":2.75233436,"value":2.8403337,"weightedAverage":2.79033422}},"self":7.4034016,"total":18.269934799999998,"children":{"AgentSendState":{"count":771,"self":0.0085388,"total":6.2891483999999993,"children":{"CollectObservations":{"count":258,"self":9.4999999999999988E-06,"total":9.4999999999999988E-06,"children":null},"CollectDiscreteActionMasks":{"count":258,"self":0,"total":0,"children":null},"AgentInfo.ToProto":{"count":258,"self":0.0030133,"total":6.2806001,"children":{"GenerateSensorData":{"count":258,"self":0.010025899999999999,"total":6.2775868,"children":{"CameraSensor.GetCompressedObservation":{"count":258,"self":6.2675608,"total":6.2675608999999994,"children":null}}}}}}},"DecideAction":{"count":771,"self":4.5543112,"total":4.5543111,"children":null},"AgentAct":{"count":771,"self":0.0110381,"total":0.0110381,"children":null},"AgentInfo.ToProto":{"count":3,"self":0,"total":0.011031899999999999,"children":{"GenerateSensorData":{"count":3,"self":0,"total":0.011031899999999999,"children":{"CameraSensor.GetCompressedObservation":{"count":3,"self":0.011031899999999999,"total":0.011031899999999999,"children":null}}}}}}}